﻿<?xml version="1.0" encoding="utf-8"?>
<TextureAtlas imagePath="sketchgf.png">
	<!-- Created with Adobe Animate version 19.0.0.326 -->
	<!-- http://www.adobe.com/products/animate.html -->
	<SubTexture name="GF Dancing Beat Hair blowing CAR0000" x="0" y="0" width="468" height="451" frameX="-5" frameY="-15" frameWidth="564" frameHeight="466"/>
	<SubTexture name="GF Dancing Beat Hair blowing CAR0001" x="468" y="0" width="468" height="451" frameX="-5" frameY="-15" frameWidth="564" frameHeight="466"/>
	<SubTexture name="GF Dancing Beat Hair blowing CAR0002" x="936" y="0" width="512" height="443" frameX="-6" frameY="-23" frameWidth="564" frameHeight="466"/>
	<SubTexture name="GF Dancing Beat Hair blowing CAR0003" x="1448" y="0" width="458" height="442" frameX="0" frameY="-24" frameWidth="564" frameHeight="466"/>
	<SubTexture name="GF Dancing Beat Hair blowing CAR0004" x="0" y="451" width="466" height="455" frameX="-9" frameY="-11" frameWidth="564" frameHeight="466"/>
	<SubTexture name="GF Dancing Beat Hair blowing CAR0005" x="466" y="451" width="466" height="455" frameX="-9" frameY="-11" frameWidth="564" frameHeight="466"/>
	<SubTexture name="GF Dancing Beat Hair blowing CAR0006" x="932" y="451" width="512" height="453" frameX="-7" frameY="-13" frameWidth="564" frameHeight="466"/>
	<SubTexture name="GF Dancing Beat Hair blowing CAR0007" x="1444" y="451" width="467" height="464" frameX="-27" frameY="-2" frameWidth="564" frameHeight="466"/>
	<SubTexture name="GF Dancing Beat Hair blowing CAR0008" x="0" y="915" width="512" height="456" frameX="-29" frameY="-10" frameWidth="564" frameHeight="466"/>
	<SubTexture name="GF Dancing Beat Hair blowing CAR0009" x="512" y="915" width="459" height="455" frameX="-23" frameY="-11" frameWidth="564" frameHeight="466"/>
	<SubTexture name="GF Dancing Beat Hair blowing CAR0010" x="971" y="915" width="473" height="466" frameX="-31" frameY="0" frameWidth="564" frameHeight="466"/>
	<SubTexture name="GF Dancing Beat Hair blowing CAR0011" x="971" y="915" width="473" height="466" frameX="-31" frameY="0" frameWidth="564" frameHeight="466"/>
	<SubTexture name="GF Dancing Beat Hair blowing CAR0012" x="1444" y="915" width="518" height="458" frameX="-31" frameY="-8" frameWidth="564" frameHeight="466"/>
	<SubTexture name="GF Dancing Beat Hair blowing CAR0013" x="0" y="1381" width="472" height="465" frameX="-31" frameY="-1" frameWidth="564" frameHeight="466"/>
	<SubTexture name="GF Dancing Beat Hair blowing CAR0014" x="472" y="1381" width="515" height="457" frameX="-32" frameY="-9" frameWidth="564" frameHeight="466"/>
	<SubTexture name="GF Dancing Beat Hair blowing CAR0015" x="987" y="1381" width="472" height="442" frameX="-32" frameY="-24" frameWidth="564" frameHeight="466"/>
	<SubTexture name="GF Dancing Beat Hair blowing CAR0016" x="1459" y="1381" width="487" height="451" frameX="-32" frameY="-15" frameWidth="564" frameHeight="466"/>
	<SubTexture name="GF Dancing Beat Hair blowing CAR0017" x="0" y="1846" width="480" height="448" frameX="-32" frameY="-18" frameWidth="564" frameHeight="466"/>
	<SubTexture name="GF Dancing Beat Hair blowing CAR0018" x="480" y="1846" width="526" height="440" frameX="-32" frameY="-26" frameWidth="564" frameHeight="466"/>
	<SubTexture name="GF Dancing Beat Hair blowing CAR0019" x="1006" y="1846" width="481" height="451" frameX="-32" frameY="-15" frameWidth="564" frameHeight="466"/>
	<SubTexture name="GF Dancing Beat Hair blowing CAR0020" x="1487" y="1846" width="526" height="443" frameX="-32" frameY="-23" frameWidth="564" frameHeight="466"/>
	<SubTexture name="GF Dancing Beat Hair blowing CAR0021" x="0" y="2297" width="467" height="447" frameX="-32" frameY="-19" frameWidth="564" frameHeight="466"/>
	<SubTexture name="GF Dancing Beat Hair blowing CAR0022" x="467" y="2297" width="476" height="463" frameX="-32" frameY="-3" frameWidth="564" frameHeight="466"/>
	<SubTexture name="GF Dancing Beat Hair blowing CAR0023" x="467" y="2297" width="476" height="463" frameX="-32" frameY="-3" frameWidth="564" frameHeight="466"/>
	<SubTexture name="GF Dancing Beat Hair blowing CAR0024" x="943" y="2297" width="519" height="455" frameX="-32" frameY="-11" frameWidth="564" frameHeight="466"/>
	<SubTexture name="GF Dancing Beat Hair blowing CAR0025" x="1462" y="2297" width="474" height="464" frameX="-32" frameY="-2" frameWidth="564" frameHeight="466"/>
	<SubTexture name="GF Dancing Beat Hair blowing CAR0026" x="0" y="2761" width="516" height="456" frameX="-32" frameY="-10" frameWidth="564" frameHeight="466"/>
	<SubTexture name="GF Dancing Beat Hair blowing CAR0027" x="516" y="2761" width="456" height="455" frameX="-28" frameY="-11" frameWidth="564" frameHeight="466"/>
	<SubTexture name="GF Dancing Beat Hair blowing CAR0028" x="972" y="2761" width="472" height="463" frameX="-32" frameY="-3" frameWidth="564" frameHeight="466"/>
	<SubTexture name="GF Dancing Beat Hair blowing CAR0029" x="972" y="2761" width="472" height="463" frameX="-32" frameY="-3" frameWidth="564" frameHeight="466"/>
</TextureAtlas>
